{"DeliveryNoteNumber":"DCqpR7xkc","DeliveryNoteNumberBarCode":"SDCqpR7xkc","PackageNumber":2,"PackageAmount":2,"ShippingDetails":"std-de-dom-dp","ShippiningOrigin":"de","ShippingCenterNumber":7,"OrderDate":"2019-01-01T00:00:00","OrderNumber":"302-4610747-6487504","DeliveryNoteCreationDate":"2019-01-01T00:00:00","Articles":[{"OrderAmount":2,"ArticleDescription":"Notebookhalterung Laptopständer111 Schwarz","Category":"Elektronik","CategoryNumber":"B07DW3Q32V","Asins":["4260590471161","4260590471161"]}]}