{
  "shipper": {
    "company": "Relaxdays GmbH",
    "companyLocation": "STP",
    "street": "Berlinerstr. 191",
    "city": "Halle (Saale)",
    "zipCode": "06120",
    "country": "DE"
  },
  "reciever": {
    "company": "Relaxdays GmbH",
    "companyLocation": "STP",
    "street": "Berlinerstr. 191",
    "city": "Halle (Saale)",
    "zipCode": "06120",
    "country": "DE"
  },
  "distributer": "DPD",
  "purchaseOrders": [ "1234", "5678", "91011" ],
  "upC2": "1234qerewr",
  "qty": 2,
  "currentShippmentBox": 1,
  "shippmentBoxAmount": 3,
  "ssccNr": "340520251100138452"
}