{"type":"object","properties":{"deliveryNoteNumber":{"type":"string"},"deliveryNoteNumberBarCode":{"type":"string"},"packageNumber":{"type":"number"},"packageAmount":{"type":"number"},"shippingDetails":{"type":"string"},"shippiningOrigin":{"type":"string"},"shippingCenterNumber":{"type":"number"},"orderDate":{"type":"string"},"orderNumber":{"type":"string"},"deliveryNoteCreationDate":{"type":"string"},"articles":{"type":"array","items":{"type":"object","properties":{"orderAmount":{"type":"number"},"articleDescription":{"type":"string"},"category":{"type":"string"},"categoryNumber":{"type":"string"},"asins":{"type":"array","items":{"type":"number"}}}}}}}